{
  "mercury": { "mass": 0.05527286487608772, "size": 0.3829383142363836 },
  "venus": { "mass": 0.8150030892258852, "size": 0.9498979752001256 },
  "earth": { "mass": 1, "size": 1 },
  "moon": { "mass": 0.012293277208210477, "size": 0.27265735363365246 },
  "mars": { "mass": 0.10744645760393279, "size": 0.5320200910375137 }
}

